<?xml version="1.0" encoding="UTF-8"?>
<Req>
   <BankDate FiledName="bankDate"></BankDate>
   <BankTime FiledName="bankTime"></BankTime>
   <BankCode></BankCode>
   <ZoneNo FiledName="zoneNo"></ZoneNo>
   <BrNo FiledName="lccontVo.managecom"></BrNo>
   <TransrNo FiledName="transNo"></TransrNo>
   <FunctionFlag></FunctionFlag>
   <Channel FiledName="lccontVo.commonchannel"></Channel>
   <InsuID FiledName="lccontVo.insurancecom"></InsuID>
   <Base>
      <ProposalContNo FiledName="lccontVo.proposalcontno"></ProposalContNo>
      <ContNo FiledName="lccontVo.contno"></ContNo>
      <CompletedFlag FiledName="lccontVo.uploadAgainFlag"></CompletedFlag>     
      <Bak1 FiledName="bak1"></Bak1>
      <Bak2 FiledName="bak2"></Bak2>
      <Bak3 FiledName="bak3"></Bak3>
      <Bak4 FiledName="bak4"></Bak4>
      <Bak5 FiledName="bak5"></Bak5>
   </Base>
   <FileLists>
       <File  FiledName="fileLists">
          <UnionFlag FiledName="fileLists.unionFlag"></UnionFlag>
          <FileName FiledName="fileLists.fileName"></FileName>
	      <FileType FiledName="fileLists.fileType"></FileType> 
      </File>
   </FileLists>
</Req>