<?xml version="1.0" encoding="UTF-8"?>
<Req>
   <BankDate></BankDate>
   <BankTime></BankTime>
   <BankCode>HSBC</BankCode>
   <ZoneNo></ZoneNo>
   <BrNo></BrNo>
   <TransrNo></TransrNo>
   <FunctionFlag>HS1031</FunctionFlag>
   <Channel></Channel>
   <InsuID></InsuID>
   <Base>
      <ProposalContNo></ProposalContNo>
      <ContNo></ContNo>
      <CompletedFlag></CompletedFlag> 
      <Bak1></Bak1>
      <Bak2></Bak2>
      <Bak3></Bak3>
      <Bak4></Bak4>
      <Bak5></Bak5>
   </Base>
   <FileLists>
      <File>
          <UnionFlag></UnionFlag>
          <FileName></FileName>
	      <FileType>01</FileType> 
      </File>
   </FileLists>
</Req>