<?xml version="1.0" encoding="UTF-8"?>
<Ret>
   <RetData>
     <Flag></Flag>
     <RetMesgs>
       <Mesg></Mesg>
     </RetMesgs>
   </RetData>
   <Base>
     <ProposalContNo></ProposalContNo>
     <ContNo></ContNo>
     <Prem></Prem>
     <StandPrem></StandPrem>
     <Amnt></Amnt>
   </Base>
   <Policy>
	 <MainRiskCode></MainRiskCode>
	 <PayIntv></PayIntv>
   </Policy>
   <Risks>
   		<Count></Count>
      <Risk>
         <Name></Name>
         <Code></Code>
         <Mult></Mult>
         <StandPrem></StandPrem>
         <Prem></Prem>
         <Amnt></Amnt>
         <InsuYearFlag></InsuYearFlag>
         <InsuYear></InsuYear>
         <PayEndYearFlag></PayEndYearFlag>
         <PayEndYear></PayEndYear>
         <SpecialClause></SpecialClause>
      </Risk>
   </Risks>
   <Esigns>
   		<PerIncome></PerIncome>
   		<HighPremium>
   			<IsHighPremium></IsHighPremium>
   			<IDType></IDType>
   			<IDNo></IDNo>
   		</HighPremium>
   		<IsOvertop></IsOvertop>
   		<IsBeyond></IsBeyond>
        <ApplIsNeedFinance></ApplIsNeedFinance>
        <InsuIsNeedFinance></InsuIsNeedFinance>
        <InsuIsNeedFinance2></InsuIsNeedFinance2>
   </Esigns>
</Ret>