<?xml version="1.0" encoding="UTF-8"?>
<Ret>
   <RetData>
     <Flag FiledName="flag"></Flag>
     <VerifyFlag FiledName="verifyFlag"></VerifyFlag>
     <RetMesgs FiledName="retMesgs">
       <Mesg FiledName="retMesgs.mesg"></Mesg>
     </RetMesgs>
   </RetData>
   <Base>
     <ProposalContNo FiledName="proposalContNo"></ProposalContNo>
     <ContNo FiledName="contNo"></ContNo>
     <Prem FiledName="sumPrem"></Prem>
     <StandPrem FiledName="standPrem"></StandPrem>
     <Amnt FiledName="amnt"></Amnt>
   </Base>
   <Policy>
	   <MainRiskCode FiledName="mainRiskCode"></MainRiskCode>
	   <PayIntv FiledName="payIntv"></PayIntv>
	   <ImageInfos>
	     <ImageInfo FiledName="imageInfoList">
	       <serialNo FiledName="imageInfoList.serialNo"></serialNo>
	       <fileName FiledName="imageInfoList.fileName"></fileName>
	       <fileBytes FiledName="imageInfoList.fileBytes"></fileBytes>
	     </ImageInfo>
	   </ImageInfos>
   </Policy>
   <Risks FiledName="risks">
   		<Count></Count>
      <Risk>
         <Name FiledName="risks.riskName"></Name>
         <Code FiledName="risks.riskCode"></Code>
         <Mult FiledName="risks.riskMult"></Mult>
         <StandPrem FiledName="risks.standPrem_each"></StandPrem>
         <Prem FiledName="risks.riskPrem"></Prem>
         <Amnt FiledName="risks.riskAmnt"></Amnt>
         <InsuYearFlag FiledName="risks.insuYearFlag"></InsuYearFlag>
         <InsuYear FiledName="risks.insuYear"></InsuYear>
         <PayEndYearFlag FiledName="risks.payEndYearFlag"></PayEndYearFlag>
         <PayEndYear FiledName="risks.payEndYear"></PayEndYear>
         <SpecialClause FiledName="risks.specialClause"></SpecialClause>
      </Risk>
   </Risks>
   <Esigns>
   		<PerIncome FiledName="perIncome"></PerIncome>
   		<HighPremium FiledName="highPremium">
   			<IsHighPremium FiledName="highPremium.isHighPremium"></IsHighPremium>
   			<IDType FiledName="highPremium.IDType"></IDType>
   			<IDNo FiledName="highPremium.IDNo"></IDNo>
   		</HighPremium>
   		<IsOvertop FiledName="isOvertop"></IsOvertop>
   		<IsBeyond FiledName="isBeyond"></IsBeyond>
        <ApplIsNeedFinance FiledName="applNeedFinance"></ApplIsNeedFinance>
        <InsuIsNeedFinance FiledName="insuNeedFinance"></InsuIsNeedFinance>
        <InsuIsNeedFinance2 FiledName="insuNeedFinance2"></InsuIsNeedFinance2>
   </Esigns>
</Ret>